,名前,仕事内容,対象
0,【自動車製造スタッフ】好待遇が魅力！★月収38万円以上も可！ 正社員,t,a
1,完全反響型！展示場での【営業・販売】※WEB説明会を開催！ 正社員,t,a
2,あなたに合った働き方が叶う！【メンテナンス】※未経験歓迎！ 正社員,t,a
3,35歳以下★ソフトバンク商材の【法人営業】学歴不問★未経験OK 正社員,t,a
4,未経験でも月給25万円～！【不動産営業】※完全週休2日制 正社員,t,a
5,平等に人生を謳歌する価値がある。【営業】を通して豊かな未来を 正社員,t,a
6,未経験・第二新卒OK【総合職(組立・検品等)】オープンポジション 正社員,t,a
7,未経験からものづくりの世界へ！【サポートスタッフ】★賞与2回 正社員,t,a
8,未経験歓迎！WEB集客の【プランナー】★土日祝休★残業ほぼなし 正社員,t,a
9,大型店新規オープン！完全反響型の【営業】未経験でも月給30万円 正社員,t,a
10,実力を正当評価！最短3ヵ月で昇格【店長候補】*賞与最高額90万円 正社員,t,a
11,未経験からチャレンジ！【整備スタッフ】★40歳以下★最新設備 正社員,t,a
12,未経験入社1年目から年収600万円超が可能！【イベントPR・営業】 正社員,t,a
13,【作業スタッフ】★月収25万円～40万円が可能★未経験歓迎 正社員,t,a
14,＼最強タッグでゼロから成長／【ITエンジニア】★ゲーム好き多数 正社員,t,a
15,【ルームアドバイザー】★月給40万円可 ★1月入社OK ★研修充実 正社員,t,a
16,【ソリューション営業】月給50万円スタートOK！WEB面接1回！ 正社員,t,a
17,＼大分・長崎限定採用／ 賞与年3回支給【半導体メンテスタッフ】 正社員,t,a
18,未経験からはじめる【カーライフアドバイザー】*学歴/年齢不問 正社員,t,a
19,【総合職(営業/広報/人事/総務など)】やりたいことが見つかる♪ 正社員,t,a
20,景気に左右されず好調！【企画営業】就職祝金15万円★転勤なし★ 正社員,t,a
21,【サービスフロント(受付事務)】★未経験OK★高卒以上★転勤なし 正社員,t,a
22,不景気にも強い！【リフォームアドバイザー】平均月収50万円 正社員,t,a
23,＼20～30代中心に活躍中！／【ルート配送】★平均月収34万円以上 正社員,t,a
24,【サポートスタッフ(データ管理・部品手配等)】★完全週休2日制 正社員,t,a
25,【営業】＊入社時の年齢不問・経験不問の募集です＊ 正社員,t,a
26,【観光コンシェルジュ(ドライバー)】※直近の平均月収29～50万円 正社員,t,a
27,【ライフカウンセラー】★月給30万円 ★業界未経験OK ★45歳以下 正社員,t,a
28,未経験からはじめる【フロントスタッフ(受付・事務)】*学歴不問 正社員,t,a
29,銀行グループだからできる《好環境・高収入》／【売買仲介営業】 正社員,t,a
30,未経験からはじめる【ロボットのメンテナンス・検査】賞与年2回 正社員,t,a
31,【ITエンジニア(開発/インフラ) 】★年休123日＆残業月10h程度★ 正社員,t,a
32,【資材管理スタッフ】★高収入可能×社宅完備のエリア多数 正社員,t,a
33,＼ 平均年収861万円！ ／【完全反響営業】*未経験歓迎 *高卒以上 正社員,t,a
34,【営業部長候補】 全世界を巻き込んだ「フード革命」を実現！ 正社員,t,a
35,【カーライフプランナー】直近1年の平均月収67.6万円★40歳以下 正社員,t,a
36,【提案営業】1年目年収実績700万円も！ケタ違いのインセン還元率 正社員,t,a
37,【管理業務スタッフ】※北海道・東北・九州限定※未経験採用 正社員,t,a
38,週休1日月収40万円・週休3日月収30万円も可【電気工事】寮完備 正社員,t,a
39,夜勤ナシ！【点検・保守】転職回数不問※全国募集※未経験歓迎 正社員,t,a
40,将来は各店舗の責任者として活躍！注文住宅の【建築設計】 正社員,t,a
41,30～40代活躍中！【生産ラインスタッフ】高収入！日勤のみも可！ 正社員,t,a
42,月給50万円以上！【営業】(管理職)◆経験不問 ※全国募集！ 正社員,t,a
43,【営業】平均年収834万円/月収30万円+歩合/土日休み選択可 正社員,t,a
44,シンプルワーク中心【軽作業スタッフ(梱包・検品等)】未経験OK！ 正社員,t,a
45,同期入社多数！【資材管理】★研修充実！※全国募集※未経験歓迎 正社員,t,a
46,アニメやスポーツ番組の【反響営業】完全週休2日★学歴不問！ 正社員,t,a
47,【ライフカウンセラー】★月給30万円 ★業界未経験OK ★年齢不問 正社員,t,a
48,営業・販売などの経験者募集【営業系総合職】全国募集/年齢不問 正社員,t,a
49,コツコツ働ける♪【箱詰め・在庫確認スタッフ】未経験歓迎！ 正社員,t,a
50,工場内でモクモク働く【機械操作スタッフ】★月収30万円以上可能 正社員,t,a
51,【点検・保守】日勤案件がほとんど/基本土日休み/平均月収29万円 正社員,t,a
52,未経験歓迎☆月収50万円以上も可能！【自動車整備士】*年齢不問 正社員,t,a
53,☆未経験☆【総合職(管理・資料作成等)】LINE面接実施中！ 正社員,t,a
54,やっぱり関西が良い！【営業】関西限定募集/完休2日・年休123日 正社員,t,a
55,月収70万円以上可能☆社会人経験を活かして活躍【営業スタッフ】 正社員,t,a
56,全国展開だけど、西日本で活躍【営業】★西日本募集/未経験歓迎 正社員,t,a
57,大手空調メーカーの【メンテナンススタッフ】残業ほぼなし 正社員,t,a
58,未経験歓迎！【コンサルティング営業】環境&収入ともに抜群◎ 正社員,t,a
59,ソフトバンク商材の【法人営業】未経験OK★学歴不問 正社員,t,a
60,【企画販売（幹部候補）】★未経験OK★日曜定休・家賃補助あり！ 正社員,t,a
61,化粧品に携わる【営業】★月給45万円～ ★女性活躍中 正社員,t,a
62,2020年上場の企業で活躍！【総合職（法人営業／事務／管理部）】 正社員,t,a
63,ソフトバンク商材の【法人営業】未経験OK★高卒以上 正社員,t,a
64,＼高収入&働きやすさを得られる／【提案営業】賞与は最大130万円 正社員,t,a
65,平均月収80万円！【営業】★40代の新人活躍中！未経験も大歓迎 正社員,t,a
66,＊若手積極採用＊【営業アシスタント】完全週休2日制＆賞与年3回 正社員,t,a
67,【不動産売買営業】★完全週休2日★年2回10日程度の連休あり 正社員,t,a
68,【プログラマ】*ずっとPGを続けて収入UP*全員面談*残業基本ゼロ 正社員,t,a
69,【求人広告アポインター営業】未経験から最低32万円以上も可 業務委託,t,a
70,【Webコンサルティング営業】★実績が待遇に直結する評価制度！ 正社員,t,a
71,【インフラエンジニア】★5G・クラウド案件あり★年間休日130日 正社員,t,a
72,【総合職(メンテナンス/配送)】残業月10h/年休120日OK/月給24万~ 正社員,t,a
73,全国で募集中【FCオーナー】年齢不問★未経験歓迎★自由に働ける FCオーナー,t,a
74,アダルト作品をプロデュース！【プロデューサー】★未経験大歓迎 正社員,t,a
75,【営業総合職】※月給40万円スタート！入社祝金最大138万円支給 正社員,t,a
76,完全反響対応の【不動産営業職】★ノルマ一切なし 正社員,t,a
77,未経験OK！手厚い研修でプロフェッショナルになれる【営業】 正社員,t,a
78,【アポインター営業】リサーチャー(市場調査) ※経験不問！ 正社員,t,a
79,年齢／転職回数不問！1年目で年収650万円も◎【営業】※全国募集 正社員,t,a
80,小さなお客さまの安全を守る【キッズドライバー候補】未経験歓迎 正社員,t,a
81,未経験でも月給30万円～！【 電気工事士 】※直行直帰スタイル 正社員,t,a
82,＼茨城支社限定採用！／【施設常駐スタッフ】★未経験者歓迎★ 正社員,t,a
83,未経験OK！分譲住宅(自社ブランド)等の【営業】平均年収800万円 正社員,t,a
84,年収2000万円超も可能！今こそ人生を一発逆転！！【不動産営業】 正社員,t,a
85,【営業職】▼完全週休2日制を導入 ▼年齢に関係なく評価します 正社員,t,a
86,ミドル層が活躍！平均年収819万円【営業職】※全国募集/45歳まで 正社員,t,a
87,＼ひたちなか・水戸積極採用／【警備・受付】★未経験者歓迎★ 正社員,t,a
88,ワンランク上の収入＆スキルを目指せる【用地仕入れ(商品企画)】 正社員,t,a
89,未経験多数活躍中！WEB面談可！【コンサルティング営業】 正社員,t,a
90,鉄道駅ホームの【警備・ご案内スタッフ】★溝の口＆町田支社募集 正社員,t,a
91,【ソリューションセールス・MGR候補】◆スタートアップメンバー 正社員,t,a
92,既成概念にとらわれない【自社プロダクト開発SEのリーダー候補】 正社員,t,a
93,【ライブ配信コーディネーター】★トレンドの発信&タレント発掘 正社員,t,a
94,【総合職(施工管理／重機オペ／ドライバー)】年齢不問◎広島勤務 正社員,t,a
95,《希望の勤務地》《高収入》《望む働き方》を実現！【施工管理】 正社員,t,a
96,福島支社募集【警備】★東北エリアを盛り上げよう！★月給28万~ 正社員,t,a
97,基本17時退社★平均月給43.4万円【法人営業】※社会人経験者限定 正社員,t,a
98,"異業種からの転職歓迎！【送迎スタッフ】平均月収53万6,072円 正社員",t,a
99,土地活用の【企画営業】◆賞与年3回◆業界・職種未経験歓迎！ 正社員,t,a
